{"stats":{"minecraft:killed":{"minecraft:skeleton":1,"minecraft:zombie":7,"minecraft:spider":1,"minecraft:creeper":1},"minecraft:killed_by":{"minecraft:spider":1,"minecraft:zombie":2},"minecraft:custom":{"minecraft:time_since_rest":752,"minecraft:sprint_one_cm":43447,"minecraft:damage_taken":928,"minecraft:walk_one_cm":38744,"minecraft:mob_kills":8,"minecraft:drop":14,"minecraft:damage_dealt":1705,"minecraft:open_chest":2,"minecraft:open_barrel":2,"minecraft:interact_with_crafting_table":2,"minecraft:fly_one_cm":39363,"minecraft:play_one_minute":14819,"minecraft:crouch_one_cm":1115,"tombstone:undead_killed":8,"minecraft:deaths":3,"minecraft:sneak_time":722,"minecraft:jump":354,"minecraft:time_since_death":1736,"minecraft:fall_one_cm":4360},"minecraft:dropped":{"alexsmobs:maggot":2,"minecraft:gunpowder":2,"mysticalagriculture:inferium_essence":2,"minecraft:wooden_axe":2,"tombstone:grave_dust":3,"minecraft:cobblestone":1,"minecraft:rotten_flesh":2,"minecraft:wooden_pickaxe":2,"minecraft:stick":3},"minecraft:mined":{"minecraft:large_fern":2,"minecraft:sweet_berry_bush":13,"minecraft:spruce_log":9,"minecraft:crafting_table":2,"minecraft:coal_ore":20,"minecraft:dirt":3,"minecraft:cobweb":1,"minecraft:spruce_leaves":2,"minecraft:stone":16,"minecraft:spawner":3},"minecraft:picked_up":{"minecraft:wooden_axe":1,"minecraft:crafting_table":2,"minecraft:sweet_berries":36,"minecraft:wooden_pickaxe":1,"tombstone:grave_dust":2,"minecraft:gunpowder":2,"minecraft:spruce_log":9,"minecraft:string":1,"minecraft:dirt":4,"minecraft:rotten_flesh":4,"mysticalagriculture:inferium_essence":2,"alexsmobs:maggot":2,"minecraft:coal":20,"minecraft:cobblestone":17},"minecraft:crafted":{"minecraft:crafting_table":1,"minecraft:spruce_planks":16,"minecraft:stick":12,"minecraft:wooden_pickaxe":1,"minecraft:stone_pickaxe":1,"minecraft:wooden_axe":1,"minecraft:stone_sword":1,"minecraft:stone_axe":1},"minecraft:used":{"minecraft:wooden_axe":13,"minecraft:stone_sword":18,"minecraft:stone_pickaxe":31,"minecraft:wooden_pickaxe":11,"minecraft:rotten_flesh":2,"minecraft:stone_axe":5,"minecraft:dirt":4,"minecraft:cobblestone":8,"minecraft:sweet_berries":18,"minecraft:crafting_table":2,"alexsmobs:animal_dictionary":1,"tombstone:gift":1}},"DataVersion":2586}