{"stats":{"minecraft:killed":{"minecraft:zombie":2},"minecraft:killed_by":{"minecraft:zombie":2},"minecraft:custom":{"minecraft:time_since_rest":292,"minecraft:crouch_one_cm":67,"minecraft:play_one_minute":2819,"minecraft:walk_one_cm":10632,"minecraft:sprint_one_cm":3048,"minecraft:damage_taken":531,"tombstone:undead_killed":2,"minecraft:deaths":2,"minecraft:sneak_time":125,"minecraft:mob_kills":1,"minecraft:drop":2,"minecraft:jump":106,"minecraft:damage_dealt":257,"minecraft:time_since_death":523,"minecraft:interact_with_crafting_table":1,"minecraft:fall_one_cm":836,"minecraft:fly_one_cm":2590},"minecraft:dropped":{"tombstone:grave_dust":1,"minecraft:rotten_flesh":2},"minecraft:mined":{"minecraft:spruce_log":3},"minecraft:picked_up":{"minecraft:rotten_flesh":2,"minecraft:spruce_log":3},"minecraft:crafted":{"minecraft:crafting_table":1,"minecraft:spruce_planks":12,"minecraft:stick":4},"minecraft:used":{"minecraft:crafting_table":1,"tombstone:gift":1,"alexsmobs:animal_dictionary":1}},"DataVersion":2586}