{"stats":{"minecraft:killed":{"minecraft:spider":10,"minecraft:skeleton":3,"artifacts:mimic":8,"dungeonsmod:pice":1,"minecraft:creeper":1,"minecraft:zombie":12,"minecraft:cow":3},"minecraft:killed_by":{"minecraft:player":1,"minecraft:spider":1,"artifacts:mimic":1,"minecraft:zombie":2,"theabyss:magical_deer":1,"savageandravage:creepie":1,"minecraft:vex":2},"minecraft:custom":{"minecraft:mob_kills":36,"minecraft:interact_with_crafting_table":6,"minecraft:open_barrel":6,"minecraft:time_since_death":6331,"minecraft:climb_one_cm":2926,"minecraft:sprint_one_cm":202241,"minecraft:walk_one_cm":113653,"minecraft:drop":69,"minecraft:deaths":13,"minecraft:sneak_time":1964,"minecraft:walk_under_water_one_cm":306,"tombstone:tomb_raiding":1,"minecraft:interact_with_brewingstand":1,"minecraft:jump":1429,"minecraft:walk_on_water_one_cm":1079,"minecraft:play_one_minute":62819,"minecraft:sleep_in_bed":2,"minecraft:time_since_rest":6156,"minecraft:damage_taken":4393,"tombstone:sneak_grave":1,"minecraft:damage_dealt":8972,"tombstone:cast_on_ally":0,"minecraft:player_kills":1,"minecraft:swim_one_cm":1747,"minecraft:fly_one_cm":362415,"minecraft:open_chest":36,"minecraft:crouch_one_cm":4668,"tombstone:undead_killed":15,"minecraft:fall_one_cm":45022},"minecraft:dropped":{"minecraft:enchanted_book":1,"minecraft:bread":4,"minecraft:golden_helmet":2,"minecraft:ender_pearl":1,"minecraft:diamond":17,"minecraft:feather":2,"minecraft:cobblestone":1,"immersive_armors:wither_leggings":1,"minecraft:stick":7,"artifacts:superstitious_hat":1,"artifacts:novelty_drinking_hat":1,"minecraft:torch":17,"tombstone:grave_key":1,"minecraft:wooden_axe":2,"magistuarmory:rusted_bastardsword":1,"tombstone:grave_dust":3,"minecraft:bucket":2,"minecraft:white_wool":2,"alexsmobs:maggot":2,"minecraft:sweet_berries":21,"minecraft:golden_chestplate":2,"alexsmobs:animal_dictionary":1,"tombstone:gift":1,"minecraft:rotten_flesh":4,"artifacts:villager_hat":1,"minecraft:oak_planks":27,"minecraft:iron_boots":1,"minecraft:iron_hoe":1,"artifacts:flame_pendant":1,"minecraft:filled_map":1,"minecraft:poppy":1,"minecraft:gunpowder":2,"minecraft:spruce_planks":3,"minecraft:iron_chestplate":1,"mysticalagriculture:inferium_essence":4,"minecraft:wooden_pickaxe":2,"minecraft:stone_pickaxe":1,"minecraft:beef":2},"minecraft:mined":{"minecraft:white_bed":2,"minecraft:mossy_cobblestone":1,"minecraft:dark_oak_log":1,"minecraft:grass_block":2,"minecraft:spruce_leaves":2,"minecraft:spawner":12,"minecraft:large_fern":2,"minecraft:hay_block":25,"minecraft:light_blue_concrete_powder":3,"minecraft:gold_block":18,"minecraft:stone":16,"minecraft:bone_block":14,"minecraft:red_bed":1,"minecraft:brown_carpet":1,"minecraft:crafting_table":3,"minecraft:cyan_concrete_powder":1,"minecraft:tall_grass":1,"minecraft:coarse_dirt":4,"minecraft:redstone_torch":4,"minecraft:sweet_berry_bush":13,"minecraft:spruce_log":10,"minecraft:grass":2,"minecraft:coal_ore":20,"minecraft:dirt":3,"minecraft:cobweb":5,"minecraft:stone_bricks":2,"minecraft:polished_andesite":2,"minecraft:mossy_stone_bricks":2},"minecraft:picked_up":{"minecraft:wooden_axe":1,"minecraft:crafting_table":2,"artifacts:night_vision_goggles":1,"minecraft:chicken":19,"minecraft:wooden_pickaxe":1,"duneons:minecart":10,"minecraft:pink_wool":1,"minecraft:gold_block":18,"minecraft:enchanted_book":2,"minecraft:red_bed":2,"minecraft:string":37,"aquaculture:muskellunge":1,"minecraft:activator_rail":8,"minecraft:detector_rail":11,"mysticalagriculture:inferium_essence":14,"aquaculture:bluegill":8,"apotheosis:lucky_foot":1,"artifacts:aqua_dashers":1,"minecraft:beef":6,"minecraft:redstone_torch":4,"minecraft:iron_pickaxe":1,"minecraft:poppy":2,"minecraft:light_gray_wool":1,"alexsmobs:raccoon_tail":2,"minecraft:minecart":14,"minecraft:chest":4,"minecraft:egg":10,"minecraft:golden_helmet":2,"minecraft:stick":14,"caves_and_cliffs_mod:pointeddripstone":4,"minecraft:torch":126,"aquaculture:perch":6,"artifacts:vampiric_glove":1,"minecraft:porkchop":1,"tombstone:grave_dust":5,"minecraft:redstone":37,"tombstone:tablet_of_cupidity":1,"minecraft:golden_chestplate":1,"artifacts:snorkel":1,"minecraft:arrow":11,"minecraft:rotten_flesh":17,"minecraft:beetroot_seeds":14,"minecraft:tropical_fish":6,"artifacts:villager_hat":2,"aquaculture:brown_trout":3,"minecraft:hay_block":24,"aquaculture:carp":4,"minecraft:gold_ingot":10,"artifacts:panic_necklace":1,"minecraft:mutton":4,"minecraft:rail":111,"minecraft:bone_block":14,"minecraft:white_wool":30,"minecraft:cobblestone":17,"minecraft:feather":29,"minecraft:cooked_beef":2,"artifacts:digging_claws":2,"artifacts:novelty_drinking_hat":2,"minecraft:leather":6,"minecraft:ice":3,"artifacts:superstitious_hat":2,"duneons:dirtbricker":1,"minecraft:gunpowder":2,"artifacts:flame_pendant":1,"tombstone:voodoo_poppet":1,"minecraft:lapis_lazuli":9,"minecraft:dirt":4,"tombstone:familiar_receptacle":1,"minecraft:name_tag":5,"minecraft:bone":20,"minecraft:stone_bricks":2,"duneons:crumsoncoresword":1,"alexsmobs:cockroach_wing_fragment":4,"minecraft:rabbit_hide":2,"minecraft:iron_ingot":17,"minecraft:netherite_axe":1,"aquaculture:minnow":3,"minecraft:mossy_stone_bricks":2,"minecraft:bamboo":2,"minecraft:rabbit":1,"minecraft:powered_rail":12,"tombstone:scroll_of_frost_resistance":1,"minecraft:oak_planks":27,"artifacts:obsidian_skull":1,"aquaculture:smallmouth_bass":1,"minecraft:cooked_porkchop":7,"minecraft:sweet_berries":54,"savageandravage:creeper_spores":16,"tombstone:scroll_of_feather_fall":1,"minecraft:white_bed":2,"minecraft:spruce_log":10,"artifacts:scarf_of_invisibility":1,"minecraft:dark_oak_log":1,"minecraft:spruce_door":1,"minecraft:spider_eye":1,"minecraft:mossy_cobblestone":1,"thermal:rice_seeds":1,"minecraft:polished_andesite":2,"minecraft:pumpkin_seeds":24,"minecraft:diamond":10,"artifacts:golden_hook":1,"magistuarmory:rusted_bastardsword":1,"minecraft:bone_meal":3,"minecraft:golden_apple":6,"minecraft:gray_wool":1,"minecraft:bread":22,"tombstone:magic_scroll":1,"alexsmobs:maggot":2,"minecraft:melon_seeds":18,"minecraft:oak_sapling":5,"minecraft:black_wool":1,"minecraft:coal":56,"minecraft:ender_pearl":1},"minecraft:crafted":{"tombstone:grave_key":1,"minecraft:stone_pickaxe":1,"minecraft:crafting_table":2,"minecraft:spruce_planks":36,"minecraft:wooden_pickaxe":1,"minecraft:stone_axe":1,"minecraft:white_wool":3,"minecraft:shield":1,"minecraft:stick":16,"minecraft:iron_pickaxe":1,"minecraft:wooden_axe":1,"minecraft:stone_sword":1,"minecraft:white_bed":1},"minecraft:used":{"minecraft:stone_sword":43,"minecraft:iron_shovel":7,"tombstone:scroll_of_frost_resistance":1,"duneons:greenswoed":35,"minecraft:spruce_planks":2,"minecraft:iron_sword":28,"minecraft:rotten_flesh":2,"minecraft:torch":3,"minecraft:dirt":4,"duneons:crumsoncoresword":3,"minecraft:iron_hoe":26,"minecraft:wooden_axe":13,"tombstone:tablet_of_cupidity":1,"minecraft:iron_axe":1,"minecraft:stone_bricks":2,"minecraft:beef":3,"minecraft:sweet_berries":18,"tombstone:gift":3,"tombstone:scroll_of_mercy":2,"minecraft:mossy_stone_bricks":2,"minecraft:stone_pickaxe":34,"minecraft:wooden_pickaxe":11,"minecraft:mossy_cobblestone":1,"duneons:strengthenironpickaxe":1,"minecraft:crafting_table":4,"minecraft:red_bed":1,"minecraft:white_bed":2,"minecraft:spruce_log":1,"minecraft:redstone_torch":4,"minecraft:dark_oak_log":1,"minecraft:bread":15,"minecraft:iron_pickaxe":46,"minecraft:stone_axe":18,"minecraft:cobblestone":8,"alexsmobs:animal_dictionary":2}},"DataVersion":2586}