{"stats":{"minecraft:killed":{"minecraft:spider":8,"minecraft:creeper":1,"minecraft:skeleton":1,"minecraft:zombie":7,"minecraft:cow":3},"minecraft:killed_by":{"minecraft:spider":1,"minecraft:zombie":2,"theabyss:magical_deer":1},"minecraft:custom":{"minecraft:mob_kills":18,"minecraft:interact_with_crafting_table":6,"minecraft:open_barrel":4,"minecraft:play_one_minute":26819,"minecraft:time_since_death":1391,"minecraft:sleep_in_bed":1,"minecraft:time_since_rest":836,"minecraft:sprint_one_cm":67208,"minecraft:damage_taken":1734,"minecraft:walk_one_cm":53910,"minecraft:drop":17,"minecraft:damage_dealt":3222,"minecraft:swim_one_cm":382,"minecraft:fly_one_cm":89688,"minecraft:open_chest":9,"minecraft:crouch_one_cm":3202,"tombstone:undead_killed":8,"minecraft:deaths":6,"minecraft:sneak_time":1258,"minecraft:walk_under_water_one_cm":111,"minecraft:jump":555,"minecraft:walk_on_water_one_cm":562,"minecraft:fall_one_cm":13558},"minecraft:dropped":{"alexsmobs:maggot":2,"minecraft:cobblestone":1,"minecraft:rotten_flesh":2,"minecraft:stick":5,"minecraft:gunpowder":2,"minecraft:spruce_planks":3,"minecraft:wooden_axe":2,"mysticalagriculture:inferium_essence":2,"tombstone:grave_dust":3,"minecraft:stone_pickaxe":1,"minecraft:wooden_pickaxe":2},"minecraft:mined":{"minecraft:mossy_cobblestone":1,"minecraft:dark_oak_log":1,"minecraft:crafting_table":2,"minecraft:spruce_leaves":2,"minecraft:spawner":6,"minecraft:large_fern":2,"minecraft:sweet_berry_bush":13,"minecraft:spruce_log":10,"minecraft:gold_block":5,"minecraft:coal_ore":20,"minecraft:dirt":3,"minecraft:cobweb":2,"minecraft:stone":16},"minecraft:picked_up":{"minecraft:wooden_axe":1,"minecraft:crafting_table":2,"minecraft:leather":2,"minecraft:wooden_pickaxe":1,"minecraft:gold_block":5,"minecraft:gunpowder":2,"minecraft:dirt":4,"minecraft:string":1,"mysticalagriculture:inferium_essence":4,"minecraft:beef":5,"minecraft:sweet_berries":36,"tombstone:grave_dust":2,"minecraft:spruce_log":10,"minecraft:dark_oak_log":1,"minecraft:spider_eye":1,"minecraft:mossy_cobblestone":1,"minecraft:rotten_flesh":4,"alexsmobs:maggot":2,"minecraft:coal":20,"minecraft:cobblestone":17},"minecraft:crafted":{"minecraft:crafting_table":2,"minecraft:spruce_planks":36,"minecraft:wooden_pickaxe":1,"minecraft:stone_axe":1,"minecraft:white_wool":3,"minecraft:shield":1,"tombstone:grave_key":1,"minecraft:stick":16,"minecraft:stone_pickaxe":1,"minecraft:iron_pickaxe":1,"minecraft:wooden_axe":1,"minecraft:stone_sword":1,"minecraft:white_bed":1},"minecraft:used":{"minecraft:stone_sword":33,"minecraft:stone_pickaxe":34,"minecraft:spruce_planks":2,"minecraft:wooden_pickaxe":11,"minecraft:rotten_flesh":2,"minecraft:mossy_cobblestone":1,"minecraft:dirt":4,"minecraft:crafting_table":4,"minecraft:white_bed":1,"minecraft:spruce_log":1,"minecraft:wooden_axe":13,"minecraft:dark_oak_log":1,"minecraft:bread":1,"minecraft:iron_pickaxe":7,"minecraft:stone_axe":18,"minecraft:cobblestone":8,"minecraft:sweet_berries":18,"tombstone:gift":1,"alexsmobs:animal_dictionary":1}},"DataVersion":2586}