{"stats":{"minecraft:killed":{"minecraft:spider":10,"minecraft:creeper":1,"minecraft:skeleton":3,"minecraft:zombie":8,"minecraft:cow":3},"minecraft:killed_by":{"minecraft:spider":1,"minecraft:zombie":2,"theabyss:magical_deer":1,"minecraft:vex":1},"minecraft:custom":{"minecraft:mob_kills":23,"minecraft:interact_with_crafting_table":6,"minecraft:open_barrel":6,"minecraft:play_one_minute":38819,"minecraft:time_since_death":10079,"minecraft:sleep_in_bed":1,"minecraft:climb_one_cm":165,"minecraft:time_since_rest":9824,"minecraft:sprint_one_cm":111929,"minecraft:damage_taken":2300,"minecraft:walk_one_cm":69499,"minecraft:drop":25,"minecraft:damage_dealt":4114,"minecraft:swim_one_cm":382,"minecraft:fly_one_cm":163083,"minecraft:open_chest":19,"minecraft:crouch_one_cm":3628,"tombstone:undead_killed":11,"minecraft:deaths":8,"minecraft:sneak_time":1358,"minecraft:walk_under_water_one_cm":111,"minecraft:jump":771,"minecraft:walk_on_water_one_cm":700,"minecraft:fall_one_cm":22081},"minecraft:dropped":{"minecraft:enchanted_book":1,"alexsmobs:maggot":2,"minecraft:golden_chestplate":1,"alexsmobs:animal_dictionary":1,"tombstone:gift":1,"minecraft:cobblestone":1,"minecraft:rotten_flesh":2,"minecraft:stick":5,"minecraft:filled_map":1,"minecraft:gunpowder":2,"minecraft:spruce_planks":3,"tombstone:grave_key":1,"minecraft:wooden_axe":2,"mysticalagriculture:inferium_essence":2,"tombstone:grave_dust":3,"minecraft:beef":2,"minecraft:stone_pickaxe":1,"minecraft:wooden_pickaxe":2},"minecraft:mined":{"minecraft:white_bed":1,"minecraft:mossy_cobblestone":1,"minecraft:dark_oak_log":1,"minecraft:crafting_table":3,"minecraft:spruce_leaves":2,"minecraft:spawner":10,"minecraft:large_fern":2,"minecraft:coarse_dirt":4,"minecraft:redstone_torch":4,"minecraft:sweet_berry_bush":13,"minecraft:spruce_log":10,"minecraft:gold_block":13,"minecraft:grass":1,"minecraft:coal_ore":20,"minecraft:dirt":3,"minecraft:cobweb":4,"minecraft:stone":16,"minecraft:bone_block":14,"minecraft:mossy_stone_bricks":2},"minecraft:picked_up":{"minecraft:wooden_axe":1,"minecraft:crafting_table":2,"minecraft:leather":2,"minecraft:wooden_pickaxe":1,"minecraft:gold_block":13,"minecraft:gunpowder":2,"minecraft:dirt":4,"minecraft:string":3,"mysticalagriculture:inferium_essence":4,"minecraft:beef":5,"minecraft:redstone_torch":4,"minecraft:mossy_stone_bricks":2,"minecraft:golden_helmet":1,"minecraft:stick":2,"minecraft:sweet_berries":36,"tombstone:grave_dust":2,"minecraft:white_bed":1,"minecraft:spruce_log":10,"minecraft:golden_chestplate":1,"minecraft:dark_oak_log":1,"minecraft:spider_eye":1,"minecraft:mossy_cobblestone":1,"minecraft:rotten_flesh":4,"alexsmobs:maggot":2,"minecraft:coal":20,"minecraft:bone_block":14,"minecraft:cobblestone":17},"minecraft:crafted":{"minecraft:crafting_table":2,"minecraft:spruce_planks":36,"minecraft:wooden_pickaxe":1,"minecraft:stone_axe":1,"minecraft:white_wool":3,"minecraft:shield":1,"tombstone:grave_key":1,"minecraft:stick":16,"minecraft:stone_pickaxe":1,"minecraft:iron_pickaxe":1,"minecraft:wooden_axe":1,"minecraft:stone_sword":1,"minecraft:white_bed":1},"minecraft:used":{"tombstone:scroll_of_mercy":1,"minecraft:mossy_stone_bricks":2,"minecraft:stone_sword":43,"minecraft:iron_shovel":5,"minecraft:stone_pickaxe":34,"minecraft:spruce_planks":2,"minecraft:wooden_pickaxe":11,"minecraft:iron_sword":9,"minecraft:rotten_flesh":2,"minecraft:mossy_cobblestone":1,"minecraft:dirt":4,"minecraft:crafting_table":4,"minecraft:white_bed":2,"minecraft:spruce_log":1,"minecraft:redstone_torch":4,"minecraft:wooden_axe":13,"minecraft:dark_oak_log":1,"minecraft:iron_axe":1,"minecraft:bread":4,"minecraft:iron_pickaxe":35,"minecraft:stone_axe":18,"minecraft:cobblestone":8,"minecraft:beef":3,"minecraft:sweet_berries":18,"tombstone:gift":3,"alexsmobs:animal_dictionary":2}},"DataVersion":2586}