{"stats":{"minecraft:killed":{"dungeonsmod:haunter":8,"minecraft:skeleton":1,"minecraft:zombie":7,"alexsmobs:fly":1},"minecraft:broken":{"magistuarmory:rustedhalfarmor_chestplate":1},"minecraft:killed_by":{"minecraft:vindicator":1,"dungeonsmod:haunter":1,"minecraft:skeleton":1,"minecraft:creeper":1,"minecraft:zombie":1},"minecraft:custom":{"minecraft:interact_with_furnace":12,"minecraft:mob_kills":19,"minecraft:interact_with_crafting_table":13,"minecraft:open_barrel":3,"minecraft:play_one_minute":53363,"minecraft:leave_game":1,"minecraft:time_since_death":372,"minecraft:sleep_in_bed":1,"minecraft:climb_one_cm":380,"minecraft:time_since_rest":1,"minecraft:sprint_one_cm":101015,"minecraft:damage_absorbed":18,"minecraft:damage_taken":1709,"minecraft:walk_one_cm":194986,"minecraft:drop":10,"minecraft:damage_dealt":3093,"minecraft:swim_one_cm":7996,"minecraft:fly_one_cm":211448,"minecraft:open_chest":13,"minecraft:crouch_one_cm":8453,"tombstone:undead_killed":16,"minecraft:deaths":5,"minecraft:sneak_time":2912,"minecraft:walk_under_water_one_cm":4086,"minecraft:jump":1144,"minecraft:walk_on_water_one_cm":6779,"minecraft:fall_one_cm":20704},"minecraft:dropped":{"minecraft:golden_chestplate":1,"minecraft:rotten_flesh":2,"minecraft:wooden_axe":2,"minecraft:fire_charge":1,"thermal:rice_seeds":3,"minecraft:wooden_pickaxe":2},"minecraft:mined":{"minecraft:diamond_ore":8,"thermal:tin_ore":1,"thermal:apatite_ore":1,"minecraft:granite":2,"appliedenergistics2:charged_quartz_ore":1,"duneons:swampfern":1,"minecraft:emerald_ore":2,"minecraft:grass_block":3,"theabyss:tantra_grass_big":1,"duneons:crystalblue":2,"minecraft:cobblestone":1,"minecraft:spruce_leaves":1,"minecraft:lapis_ore":7,"minecraft:red_stained_glass_pane":1,"minecraft:black_stained_glass_pane":1,"moat:tin_ore":2,"duneons:warpbiggrass":1,"minecraft:spruce_log":4,"minecraft:grass":4,"minecraft:cobblestone_slab":1,"theabyss:tantra_grass_middle":2,"minecraft:coal_ore":6,"minecraft:oak_log":6,"minecraft:dirt":2,"minecraft:stone":14},"minecraft:picked_up":{"minecraft:wooden_axe":1,"magistuarmory:rustedhalfarmor_chestplate":1,"minecraft:wooden_pickaxe":1,"minecraft:oak_log":6,"caves_and_cliffs_mod:raw_gold":6,"minecraft:lapis_lazuli":53,"caves_and_cliffs_mod:raw_iron":39,"minecraft:wheat_seeds":1,"duneons:warpbiggrass":1,"mysticalagriculture:inferium_essence":7,"minecraft:iron_ingot":1,"minecraft:stick":3,"appliedenergistics2:charged_certus_quartz_crystal":2,"magistuarmory:rusted_heavymace":1,"tombstone:grave_dust":3,"minecraft:spruce_log":6,"thermal:rice_seeds":3,"thermal:apatite":8,"minecraft:rotten_flesh":15,"minecraft:diamond":8,"thermal:tin_ore":1,"minecraft:emerald":2,"minecraft:coal":6,"dungeonsmod:soul_bottle":2,"minecraft:cobblestone":11},"minecraft:crafted":{"minecraft:wooden_sword":1,"minecraft:oak_planks":24,"minecraft:crafting_table":2,"minecraft:spruce_planks":24,"minecraft:wooden_pickaxe":1,"minecraft:iron_helmet":1,"minecraft:stone_axe":1,"minecraft:air":0,"minecraft:iron_chestplate":1,"minecraft:stick":8,"minecraft:iron_ingot":21,"minecraft:iron_pickaxe":1,"minecraft:stone_pickaxe":1,"minecraft:wooden_axe":1},"minecraft:used":{"magistuarmory:rusted_heavymace":2,"minecraft:stone_pickaxe":6,"minecraft:oak_planks":1,"minecraft:spruce_planks":2,"minecraft:wooden_pickaxe":8,"minecraft:rotten_flesh":5,"minecraft:golden_apple":1,"duneons:warpbiggrass":1,"minecraft:crafting_table":2,"duneons:diamondpickaxedungeon":40,"minecraft:wooden_axe":1,"minecraft:bread":5,"minecraft:iron_pickaxe":9,"minecraft:golden_sword":45,"minecraft:stone_axe":12,"minecraft:wooden_sword":15,"minecraft:cobblestone":5,"tombstone:gift":2,"alexsmobs:animal_dictionary":2}},"DataVersion":2586}