{"stats":{"minecraft:killed":{"minecraft:zombie":3,"alexsmobs:fly":1},"minecraft:broken":{"magistuarmory:rustedhalfarmor_chestplate":1},"minecraft:killed_by":{"minecraft:creeper":1,"minecraft:zombie":1},"minecraft:custom":{"minecraft:time_since_rest":8717,"minecraft:interact_with_furnace":4,"minecraft:sprint_one_cm":35727,"minecraft:damage_taken":797,"minecraft:walk_one_cm":88524,"minecraft:mob_kills":6,"minecraft:drop":3,"minecraft:damage_dealt":886,"minecraft:interact_with_crafting_table":7,"minecraft:fly_one_cm":43949,"minecraft:open_chest":2,"minecraft:crouch_one_cm":6137,"minecraft:play_one_minute":29363,"tombstone:undead_killed":3,"minecraft:deaths":2,"minecraft:sneak_time":1969,"minecraft:jump":430,"minecraft:walk_on_water_one_cm":275,"minecraft:leave_game":1,"minecraft:time_since_death":9034,"minecraft:fall_one_cm":8618},"minecraft:dropped":{"minecraft:wooden_axe":1,"thermal:rice_seeds":1,"minecraft:wooden_pickaxe":1},"minecraft:mined":{"minecraft:diamond_ore":1,"duneons:warpbiggrass":1,"minecraft:spruce_log":4,"minecraft:grass":2,"minecraft:oak_log":6,"minecraft:coal_ore":6,"minecraft:spruce_leaves":1,"minecraft:lapis_ore":7,"minecraft:stone":8},"minecraft:picked_up":{"minecraft:wooden_axe":1,"minecraft:stick":3,"magistuarmory:rustedhalfarmor_chestplate":1,"minecraft:wooden_pickaxe":1,"minecraft:oak_log":6,"minecraft:spruce_log":6,"minecraft:lapis_lazuli":27,"thermal:rice_seeds":2,"caves_and_cliffs_mod:raw_iron":13,"minecraft:rotten_flesh":6,"minecraft:diamond":1,"duneons:warpbiggrass":1,"minecraft:wheat_seeds":1,"mysticalagriculture:inferium_essence":3,"minecraft:iron_ingot":1,"minecraft:coal":6,"minecraft:cobblestone":8},"minecraft:crafted":{"minecraft:wooden_sword":1,"minecraft:oak_planks":24,"minecraft:crafting_table":2,"minecraft:spruce_planks":24,"minecraft:stick":8,"minecraft:iron_ingot":3,"minecraft:wooden_pickaxe":1,"minecraft:iron_pickaxe":1,"minecraft:stone_pickaxe":1,"minecraft:wooden_axe":1,"minecraft:stone_axe":1,"minecraft:air":0},"minecraft:used":{"minecraft:wooden_axe":1,"minecraft:stone_pickaxe":6,"minecraft:iron_pickaxe":8,"minecraft:wooden_pickaxe":8,"minecraft:stone_axe":12,"minecraft:wooden_sword":15,"duneons:warpbiggrass":1,"minecraft:crafting_table":2,"tombstone:gift":2,"alexsmobs:animal_dictionary":2}},"DataVersion":2586}