{"stats":{"minecraft:killed":{"minecraft:skeleton":1,"duneons:pigchest":1,"minecraft:zombie_villager":1,"dungeonsmod:haunter":8,"minecraft:zombie":7,"alexsmobs:fly":1},"minecraft:broken":{"minecraft:iron_helmet":1,"magistuarmory:rustedhalfarmor_chestplate":1},"minecraft:killed_by":{"minecraft:player":1,"duneons:redstone_monstrosity":1,"minecraft:creeper":1,"minecraft:vindicator":1,"dungeonsmod:haunter":1,"minecraft:skeleton":1,"minecraft:zombie":2},"minecraft:custom":{"minecraft:mob_kills":21,"minecraft:interact_with_crafting_table":13,"minecraft:open_barrel":8,"minecraft:leave_game":1,"minecraft:time_since_death":3926,"minecraft:climb_one_cm":1446,"minecraft:sprint_one_cm":176191,"minecraft:walk_one_cm":263796,"minecraft:drop":26,"minecraft:sneak_time":3574,"minecraft:deaths":9,"minecraft:walk_under_water_one_cm":5783,"minecraft:jump":1859,"minecraft:walk_on_water_one_cm":13444,"minecraft:interact_with_furnace":12,"minecraft:play_one_minute":77363,"minecraft:sleep_in_bed":2,"minecraft:time_since_rest":2301,"minecraft:damage_taken":3146,"minecraft:damage_absorbed":18,"minecraft:damage_dealt":3882,"minecraft:swim_one_cm":8460,"minecraft:fly_one_cm":488571,"minecraft:player_kills":1,"minecraft:open_chest":18,"minecraft:crouch_one_cm":11032,"tombstone:undead_killed":17,"minecraft:fall_one_cm":36263},"minecraft:dropped":{"minecraft:porkchop":6,"minecraft:minecart":4,"minecraft:tropical_fish":1,"minecraft:wooden_axe":2,"minecraft:fire_charge":1,"tombstone:grave_dust":3,"minecraft:string":2,"appliedenergistics2:charged_certus_quartz_crystal":2,"minecraft:golden_chestplate":1,"minecraft:coarse_dirt":5,"minecraft:rotten_flesh":2,"minecraft:iron_hoe":1,"thermal:rice_seeds":3,"minecraft:arrow":2,"minecraft:wooden_pickaxe":2},"minecraft:mined":{"minecraft:diamond_ore":8,"thermal:tin_ore":1,"minecraft:granite":2,"appliedenergistics2:charged_quartz_ore":1,"duneons:swampfern":1,"minecraft:grass_block":3,"minecraft:spruce_leaves":1,"minecraft:red_stained_glass_pane":2,"minecraft:black_stained_glass_pane":2,"minecraft:light_blue_concrete_powder":6,"minecraft:cobblestone_slab":1,"minecraft:vine":1,"minecraft:packed_ice":24,"minecraft:stone":14,"minecraft:blue_concrete_powder":8,"minecraft:snow_block":14,"thermal:apatite_ore":1,"minecraft:emerald_ore":2,"minecraft:cyan_concrete_powder":5,"theabyss:tantra_grass_big":1,"duneons:crystalblue":2,"minecraft:cobblestone":1,"minecraft:lapis_ore":7,"minecraft:coarse_dirt":5,"duneons:dirtbricker":1,"duneons:warpbiggrass":1,"moat:tin_ore":2,"minecraft:spruce_log":4,"minecraft:grass":5,"minecraft:oak_log":6,"minecraft:coal_ore":6,"theabyss:tantra_grass_middle":2,"minecraft:dirt":4},"minecraft:picked_up":{"minecraft:wooden_axe":1,"minecraft:coarse_dirt":10,"minecraft:iron_chestplate":1,"duneons:redstonebossdisc":1,"minecraft:golden_pickaxe":1,"minecraft:wooden_pickaxe":1,"caves_and_cliffs_mod:raw_gold":12,"minecraft:string":2,"minecraft:flint_and_steel":2,"caves_and_cliffs_mod:raw_iron":57,"duneons:doubleaxe":1,"duneons:warpbiggrass":1,"mysticalagriculture:inferium_essence":111,"minecraft:gold_nugget":2,"duneons:elytepowerbow":2,"minecraft:iron_pickaxe":1,"minecraft:minecart":7,"minecraft:chest":30,"minecraft:iron_boots":1,"minecraft:stick":3,"duneons:cutlass":1,"minecraft:torch":2,"appliedenergistics2:charged_certus_quartz_crystal":4,"theabyss:guide_book":1,"magistuarmory:rusted_heavymace":2,"minecraft:porkchop":6,"immersive_armors:wither_leggings":1,"tombstone:grave_dust":3,"thermal:apatite":16,"minecraft:arrow":2,"minecraft:rotten_flesh":15,"minecraft:tropical_fish":1,"minecraft:obsidian":3,"dungeonsmod:soul_bottle":3,"minecraft:snowball":4,"minecraft:rail":22,"minecraft:cobblestone":11,"minecraft:air":0,"magistuarmory:rustedhalfarmor_chestplate":1,"minecraft:golden_leggings":1,"minecraft:oak_log":6,"minecraft:gunpowder":6,"minecraft:lapis_lazuli":118,"minecraft:dirt":3,"minecraft:bone":1,"duneons:giter":1,"minecraft:wheat_seeds":1,"minecraft:iron_ingot":2,"theoneprobe:probenote":1,"minecraft:stone_pickaxe":1,"minecraft:oak_planks":27,"savageandravage:creeper_spores":2,"duneons:diamondpickaxedungeon":1,"minecraft:spruce_log":6,"alexsmobs:animal_dictionary":1,"thermal:rice_seeds":3,"minecraft:iron_hoe":1,"minecraft:diamond_shovel":2,"minecraft:pumpkin_seeds":2,"thermal:tin_ore":2,"minecraft:diamond":15,"minecraft:stone_axe":1,"minecraft:emerald":2,"minecraft:bread":4,"minecraft:coal":6},"minecraft:crafted":{"minecraft:wooden_sword":1,"minecraft:oak_planks":24,"minecraft:stone_pickaxe":1,"minecraft:crafting_table":2,"minecraft:spruce_planks":24,"minecraft:wooden_pickaxe":1,"minecraft:iron_helmet":1,"minecraft:stone_axe":1,"minecraft:air":0,"minecraft:iron_chestplate":1,"minecraft:stick":8,"minecraft:iron_pickaxe":1,"minecraft:iron_ingot":21,"minecraft:wooden_axe":1},"minecraft:used":{"magistuarmory:rusted_heavymace":2,"minecraft:flint_and_steel":4,"minecraft:spruce_planks":2,"minecraft:rotten_flesh":5,"duneons:warpbiggrass":1,"duneons:crumsoncoresword":3,"minecraft:wooden_axe":1,"minecraft:golden_sword":45,"tombstone:gift":2,"minecraft:stone_pickaxe":6,"minecraft:oak_planks":1,"savageandravage:creeper_spores":2,"minecraft:wooden_pickaxe":8,"duneons:cutlass":5,"minecraft:golden_apple":1,"minecraft:crafting_table":2,"duneons:diamondpickaxedungeon":41,"minecraft:diamond_shovel":60,"minecraft:bread":9,"minecraft:iron_pickaxe":9,"minecraft:stone_axe":12,"minecraft:wooden_sword":15,"minecraft:cobblestone":5,"alexsmobs:animal_dictionary":2}},"DataVersion":2586}