{"stats":{"minecraft:killed":{"alexsmobs:fly":1,"minecraft:zombie":1},"minecraft:killed_by":{"minecraft:zombie":1},"minecraft:custom":{"minecraft:time_since_rest":1579,"tombstone:undead_killed":1,"minecraft:play_one_minute":17363,"minecraft:crouch_one_cm":1153,"minecraft:sprint_one_cm":8381,"minecraft:deaths":1,"minecraft:damage_taken":383,"minecraft:walk_one_cm":29020,"minecraft:sneak_time":306,"minecraft:mob_kills":3,"minecraft:drop":1,"minecraft:jump":224,"minecraft:damage_dealt":321,"minecraft:leave_game":1,"minecraft:time_since_death":1633,"minecraft:interact_with_crafting_table":1,"minecraft:fall_one_cm":4005,"minecraft:fly_one_cm":8690},"minecraft:dropped":{"thermal:rice_seeds":1},"minecraft:mined":{"minecraft:grass":2,"minecraft:spruce_log":3,"minecraft:spruce_leaves":1},"minecraft:picked_up":{"thermal:rice_seeds":2,"minecraft:rotten_flesh":2,"mysticalagriculture:inferium_essence":1,"minecraft:spruce_log":3},"minecraft:crafted":{"minecraft:wooden_sword":1,"minecraft:crafting_table":1,"minecraft:spruce_planks":12,"minecraft:stick":4},"minecraft:used":{"minecraft:wooden_sword":8,"minecraft:crafting_table":1,"tombstone:gift":2,"alexsmobs:animal_dictionary":2}},"DataVersion":2586}