{"stats":{"minecraft:killed":{"dungeonsmod:haunter":3,"minecraft:zombie":3,"alexsmobs:fly":1},"minecraft:broken":{"magistuarmory:rustedhalfarmor_chestplate":1},"minecraft:killed_by":{"minecraft:skeleton":1,"minecraft:creeper":1,"minecraft:zombie":1},"minecraft:custom":{"minecraft:interact_with_furnace":12,"minecraft:mob_kills":9,"minecraft:interact_with_crafting_table":13,"minecraft:open_barrel":3,"minecraft:play_one_minute":41363,"minecraft:leave_game":1,"minecraft:time_since_death":1589,"minecraft:sleep_in_bed":1,"minecraft:climb_one_cm":184,"minecraft:time_since_rest":1247,"minecraft:sprint_one_cm":58658,"minecraft:damage_taken":1063,"minecraft:walk_one_cm":140468,"minecraft:drop":8,"minecraft:damage_dealt":1339,"minecraft:swim_one_cm":2655,"minecraft:fly_one_cm":89004,"minecraft:open_chest":12,"minecraft:crouch_one_cm":7430,"tombstone:undead_killed":6,"minecraft:deaths":3,"minecraft:sneak_time":2525,"minecraft:walk_under_water_one_cm":3611,"minecraft:jump":715,"minecraft:walk_on_water_one_cm":5861,"minecraft:fall_one_cm":13170},"minecraft:dropped":{"minecraft:rotten_flesh":2,"minecraft:wooden_axe":1,"minecraft:fire_charge":1,"thermal:rice_seeds":3,"minecraft:wooden_pickaxe":2},"minecraft:mined":{"minecraft:diamond_ore":8,"thermal:tin_ore":1,"thermal:apatite_ore":1,"minecraft:granite":2,"appliedenergistics2:charged_quartz_ore":1,"minecraft:emerald_ore":2,"theabyss:tantra_grass_big":1,"duneons:crystalblue":2,"minecraft:cobblestone":1,"minecraft:spruce_leaves":1,"minecraft:lapis_ore":7,"moat:tin_ore":2,"duneons:warpbiggrass":1,"minecraft:spruce_log":4,"minecraft:grass":2,"minecraft:cobblestone_slab":1,"theabyss:tantra_grass_middle":2,"minecraft:coal_ore":6,"minecraft:oak_log":6,"minecraft:stone":10},"minecraft:picked_up":{"minecraft:wooden_axe":1,"magistuarmory:rustedhalfarmor_chestplate":1,"minecraft:wooden_pickaxe":1,"minecraft:oak_log":6,"caves_and_cliffs_mod:raw_gold":6,"minecraft:lapis_lazuli":53,"caves_and_cliffs_mod:raw_iron":39,"minecraft:wheat_seeds":1,"duneons:warpbiggrass":1,"mysticalagriculture:inferium_essence":4,"minecraft:iron_ingot":1,"minecraft:stick":3,"appliedenergistics2:charged_certus_quartz_crystal":2,"tombstone:grave_dust":1,"minecraft:spruce_log":6,"thermal:rice_seeds":3,"thermal:apatite":8,"minecraft:rotten_flesh":12,"minecraft:diamond":8,"thermal:tin_ore":1,"minecraft:emerald":2,"minecraft:coal":6,"dungeonsmod:soul_bottle":1,"minecraft:cobblestone":11},"minecraft:crafted":{"minecraft:wooden_sword":1,"minecraft:oak_planks":24,"minecraft:crafting_table":2,"minecraft:spruce_planks":24,"minecraft:wooden_pickaxe":1,"minecraft:iron_helmet":1,"minecraft:stone_axe":1,"minecraft:air":0,"minecraft:iron_chestplate":1,"minecraft:stick":8,"minecraft:iron_ingot":21,"minecraft:iron_pickaxe":1,"minecraft:stone_pickaxe":1,"minecraft:wooden_axe":1},"minecraft:used":{"minecraft:stone_pickaxe":6,"minecraft:spruce_planks":2,"minecraft:wooden_pickaxe":8,"minecraft:rotten_flesh":4,"duneons:warpbiggrass":1,"minecraft:crafting_table":2,"duneons:diamondpickaxedungeon":21,"minecraft:wooden_axe":1,"minecraft:iron_pickaxe":9,"minecraft:golden_sword":13,"minecraft:stone_axe":12,"minecraft:wooden_sword":15,"minecraft:cobblestone":5,"tombstone:gift":2,"alexsmobs:animal_dictionary":2}},"DataVersion":2586}